Dirt,30
1,0,-0.4621796,1.5
2,-2.443245,1.248091,1.5
3,1.547389,3.039804,1.5
4,4.397842,-2.905426,1.5
5,-3.909193,-7.221827,1.5
6,-7.085412,-3.231192,1.5
8,-7.411178,4.505752,1.5
1,-0.8958567,7.763412,1.5
2,5.538023,7.681971,1.5
3,9.121449,1.981065,1.5
8,9.284332,-5.755879,1.5
7,4.234959,-8.932098,1.5
6,-9.528657,-9.502188,1.5
4,-9.610099,9.718009,1.5
6,9.772982,9.880892,1.5
