Dirt,15
1,-8.718114,8.259606,1.5
1,2.260252,8.647079,1.5
1,-3.551824,4.643203,1.5
1,-5.876655,1.672587,1.5
1,-3.680982,-3.429125,1.5
1,-5.489183,-8.272522,1.5
1,-0.7103649,-8.401679,1.5
1,2.389406,-7.626736,1.5
1,5.747498,-3.235389,1.5
1,5.941234,-0.5876656,1.5
1,4.907976,5.805617,1.5
