Dirt,15
2,-7.168231,8.905393,1.5
3,-4.326768,-0.5876656,1.5
6,4.71424,7.872135,1.5
8,9.3639,-8.530838,1.5
5,-6.974492,-9.112044,1.5
