Dirt,15
1,6.189555,-4.045606,1.5
2,4.886491,3.528454,1.5
3,-2.850453,7.437646,1.5
4,1.547389,2.551156,1.5
5,-4.886491,4.750076,1.5
6,-3.909193,-2.986868,1.5
8,5.538023,-8.443449,1.5
