Dirt,15
2,7.297385,6.063933,1.5
3,-6.393284,2.189216,1.5
6,8.072328,3.868258,1.5
8,8.4598,-1.168873,1.5
7,-7.168231,-2.525024,1.5
3,-7.232806,-7.497578,1.5
4,8.201482,-8.595416,1.5
