Dirt,15
1,0.2443285,7.437646,1.5
2,-7.49262,4.831518,1.5
3,8.144152,3.85422,1.5
4,8.307034,-3.14975,1.5
5,3.583427,-1.276596,1.5
6,3.013336,-7.710475,1.5
8,-9.365774,-6.407411,1.5
