Dirt,15
1,-6.845334,9.034551,1.5
4,-8.201486,-7.174686,1.5
4,2.389406,-9.434937,1.5
3,6.264123,-3.622861,1.5
3,5.812076,4.255732,1.5
3,-4.133032,4.126575,1.5
3,-3.035195,-0.0710365,1.5
3,1.033258,-1.362609,1.5
